roystontestuser1@gmail.com,123456789Goa@#$%^&*()@#,
roystontestuser2@gmail.com,123456789Goa@#$%^&*()@#,
roystontestuser3@gmail.com,123456790Goa@#$%^&*()@#,
roystontestuser4@gmail.com,123456791Goa@#$%^&*()@#,
roystontestuser5@gmail.com,123456792Goa@#$%^&*()@#,
roystontestuser6@gmail.com,123456793Goa@#$%^&*()@#,
roystontestuser7@gmail.com,123456794Goa@#$%^&*()@#,
roystontestuser8@gmail.com,123456795Goa@#$%^&*()@#,
roystontestuser9@gmail.com,123456796Goa@#$%^&*()@#,
roystontestuser10@gmail.com,123456797Goa@#$%^&*()@#,
roystontestuser11@gmail.com,123456798Goa@#$%^&*()@#,
roystontestuser12@gmail.com,123456799Goa@#$%^&*()@#,
roystontestuser13@gmail.com,123456800Goa@#$%^&*()@#,
roystontestuser14@gmail.com,123456801Goa@#$%^&*()@#,
roystontestuser15@gmail.com,123456802Goa@#$%^&*()@#,
roystontestuser16@gmail.com,123456803Goa@#$%^&*()@#,
roystontestuser17@gmail.com,123456804Goa@#$%^&*()@#,
roystontestuser18@gmail.com,123456805Goa@#$%^&*()@#,
roystontestuser19@gmail.com,123456806Goa@#$%^&*()@#,
roystontestuser20@gmail.com,123456807Goa@#$%^&*()@#,
roystontestuser21@gmail.com,123456808Goa@#$%^&*()@#,
roystontestuser22@gmail.com,123456809Goa@#$%^&*()@#,
roystontestuser23@gmail.com,123456810Goa@#$%^&*()@#,
roystontestuser24@gmail.com,123456811Goa@#$%^&*()@#,
roystontestuser25@gmail.com,123456812Goa@#$%^&*()@#,
roystontestuser26@gmail.com,123456813Goa@#$%^&*()@#,
roystontestuser27@gmail.com,123456814Goa@#$%^&*()@#,
roystontestuser28@gmail.com,123456815Goa@#$%^&*()@#,
roystontestuser29@gmail.com,123456816Goa@#$%^&*()@#,
roystontestuser30@gmail.com,123456817Goa@#$%^&*()@#,
roystontestuser31@gmail.com,123456818Goa@#$%^&*()@#,
roystontestuser32@gmail.com,123456819Goa@#$%^&*()@#,
roystontestuser33@gmail.com,123456820Goa@#$%^&*()@#,
roystontestuser34@gmail.com,123456821Goa@#$%^&*()@#,
roystontestuser35@gmail.com,123456822Goa@#$%^&*()@#,
roystontestuser36@gmail.com,123456823Goa@#$%^&*()@#,
roystontestuser37@gmail.com,123456824Goa@#$%^&*()@#,
roystontestuser38@gmail.com,123456825Goa@#$%^&*()@#,
roystontestuser39@gmail.com,123456826Goa@#$%^&*()@#,
roystontestuser40@gmail.com,123456827Goa@#$%^&*()@#,
roystontestuser41@gmail.com,123456828Goa@#$%^&*()@#,
roystontestuser42@gmail.com,123456829Goa@#$%^&*()@#,
roystontestuser43@gmail.com,123456830Goa@#$%^&*()@#,
roystontestuser44@gmail.com,123456831Goa@#$%^&*()@#,
roystontestuser45@gmail.com,123456832Goa@#$%^&*()@#,
roystontestuser46@gmail.com,123456833Goa@#$%^&*()@#,
roystontestuser47@gmail.com,123456834Goa@#$%^&*()@#,
roystontestuser48@gmail.com,123456835Goa@#$%^&*()@#,
roystontestuser49@gmail.com,123456836Goa@#$%^&*()@#,
roystontestuser50@gmail.com,123456837Goa@#$%^&*()@#,
roystontestuser51@gmail.com,123456838Goa@#$%^&*()@#,
roystontestuser52@gmail.com,123456839Goa@#$%^&*()@#,
roystontestuser53@gmail.com,123456840Goa@#$%^&*()@#,
roystontestuser54@gmail.com,123456841Goa@#$%^&*()@#,
roystontestuser55@gmail.com,123456842Goa@#$%^&*()@#,
roystontestuser56@gmail.com,123456843Goa@#$%^&*()@#,
roystontestuser57@gmail.com,123456844Goa@#$%^&*()@#,
roystontestuser58@gmail.com,123456845Goa@#$%^&*()@#,
roystontestuser59@gmail.com,123456846Goa@#$%^&*()@#,
roystontestuser60@gmail.com,123456847Goa@#$%^&*()@#,
roystontestuser61@gmail.com,123456848Goa@#$%^&*()@#,
roystontestuser62@gmail.com,123456849Goa@#$%^&*()@#,
roystontestuser63@gmail.com,123456850Goa@#$%^&*()@#,
roystontestuser64@gmail.com,123456851Goa@#$%^&*()@#,
roystontestuser65@gmail.com,123456852Goa@#$%^&*()@#,
roystontestuser66@gmail.com,123456853Goa@#$%^&*()@#,
roystontestuser67@gmail.com,123456854Goa@#$%^&*()@#,
roystontestuser68@gmail.com,123456855Goa@#$%^&*()@#,
roystontestuser69@gmail.com,123456856Goa@#$%^&*()@#,
roystontestuser70@gmail.com,123456857Goa@#$%^&*()@#,
roystontestuser71@gmail.com,123456858Goa@#$%^&*()@#,
roystontestuser72@gmail.com,123456859Goa@#$%^&*()@#,
roystontestuser73@gmail.com,123456860Goa@#$%^&*()@#,
roystontestuser74@gmail.com,123456861Goa@#$%^&*()@#,
roystontestuser75@gmail.com,123456862Goa@#$%^&*()@#,
roystontestuser76@gmail.com,123456863Goa@#$%^&*()@#,
roystontestuser77@gmail.com,123456864Goa@#$%^&*()@#,
roystontestuser78@gmail.com,123456865Goa@#$%^&*()@#,
roystontestuser79@gmail.com,123456866Goa@#$%^&*()@#,
roystontestuser80@gmail.com,123456867Goa@#$%^&*()@#,
roystontestuser81@gmail.com,123456868Goa@#$%^&*()@#,
roystontestuser82@gmail.com,123456869Goa@#$%^&*()@#,
roystontestuser83@gmail.com,123456870Goa@#$%^&*()@#,
roystontestuser84@gmail.com,123456871Goa@#$%^&*()@#,
roystontestuser85@gmail.com,123456872Goa@#$%^&*()@#,
roystontestuser86@gmail.com,123456873Goa@#$%^&*()@#,
roystontestuser87@gmail.com,123456874Goa@#$%^&*()@#,
roystontestuser88@gmail.com,123456875Goa@#$%^&*()@#,
roystontestuser89@gmail.com,123456876Goa@#$%^&*()@#,
roystontestuser90@gmail.com,123456877Goa@#$%^&*()@#,
roystontestuser91@gmail.com,123456878Goa@#$%^&*()@#,
roystontestuser92@gmail.com,123456879Goa@#$%^&*()@#,
roystontestuser93@gmail.com,123456880Goa@#$%^&*()@#,
roystontestuser94@gmail.com,123456881Goa@#$%^&*()@#,
roystontestuser95@gmail.com,123456882Goa@#$%^&*()@#,
roystontestuser96@gmail.com,123456883Goa@#$%^&*()@#,
roystontestuser97@gmail.com,123456884Goa@#$%^&*()@#,
roystontestuser98@gmail.com,123456885Goa@#$%^&*()@#,
roystontestuser99@gmail.com,123456886Goa@#$%^&*()@#,
roystontestuser100@gmail.com,123456887Goa@#$%^&*()@#,
